<?xml version="1.0" encoding="ISO-8859-1"?>
<VarLinks><OwnerA Name="TIPC^PLC_ForTwinSAFEinTc3^PLC_ForTwinSAFEinTc3 Instance"><OwnerB Name="TIID^Device 1 (EtherCAT)^Drive 9 (AX5206-0000-0200)"><Link VarA="PlcTask Inputs^GVL_IO.g_wStateAX5000" VarB="InfoData^State"/><Link VarA="PlcTask Inputs^GVL_IO.g_stAX5000EcSlaveState" VarB="InfoData^State"/><Link VarA="PlcTask Inputs^GVL_IO.g_xAX5000_Wc" VarB="WcState^WcState"/></OwnerB><OwnerB Name="TIID^Device 1 (EtherCAT)^Box 11 (EP1908)"><Link VarA="PlcTask Inputs^GVL_IO.g_xEP1908_Wc" VarB="WcState^WcState"/><Link VarA="PlcTask Inputs^GVL_IO.g_stEP1908EcSlaveState" VarB="InfoData^State"/><Link VarA="PlcTask Inputs^GVL_IO.g_wStateEP1908" VarB="InfoData^State"/></OwnerB><OwnerB Name="TIID^Device 1 (EtherCAT)"><Link VarA="PlcTask Inputs^GVL_IO.g_wStateMaster" VarB="Inputs^DevState"/></OwnerB><OwnerB Name="TIID^Device 1 (EtherCAT)^Term 1 (EK1200)^Term 4 (EL1904)"><Link VarA="PlcTask Inputs^GVL_IO.g_wStateEL1904" VarB="InfoData^State"/><Link VarA="PlcTask Inputs^GVL_IO.g_stEL1904EcSlaveState" VarB="InfoData^State"/><Link VarA="PlcTask Inputs^GVL_IO.g_xEL1904_Wc" VarB="WcState^WcState"/></OwnerB><OwnerB Name="TIID^Device 1 (EtherCAT)^Drive 9 (AX5206-0000-0200)^Term 10 (AX5805)"><Link VarA="PlcTask Inputs^GVL_IO.g_wStateAX5805" VarB="InfoData^State"/><Link VarA="PlcTask Inputs^GVL_IO.g_stAX5805EcSlaveState" VarB="InfoData^State"/><Link VarA="PlcTask Inputs^GVL_IO.g_xAX5805_Wc" VarB="WcState^WcState"/></OwnerB><OwnerB Name="TIID^Device 1 (EtherCAT)^Term 1 (EK1200)^Term 5 (EL2004)"><Link VarA="PlcTask Outputs^GVL_IO.g_xOutput1" VarB="Channel 1^Output"/><Link VarA="PlcTask Outputs^GVL_IO.g_xOutput3" VarB="Channel 3^Output"/><Link VarA="PlcTask Inputs^GVL_IO.g_xEL2004_Wc" VarB="WcState^WcState"/><Link VarA="PlcTask Inputs^GVL_IO.g_wStateEL2004" VarB="InfoData^State"/><Link VarA="PlcTask Outputs^GVL_IO.g_xOutput2" VarB="Channel 2^Output"/><Link VarA="PlcTask Outputs^GVL_IO.g_xOutput4" VarB="Channel 4^Output"/><Link VarA="PlcTask Inputs^GVL_IO.g_stEL2004EcSlaveState" VarB="InfoData^State"/></OwnerB><OwnerB Name="TIID^Device 1 (EtherCAT)^Term 1 (EK1200)^Term 2 (EL6900)"><Link VarA="PlcTask Inputs^GVL_IO.g_wStateEL6900" VarB="InfoData^State"/><Link VarA="PlcTask Inputs^GVL_IO.g_xEL6900_Wc" VarB="WcState^WcState"/><Link VarA="PlcTask Inputs^GVL_IO.g_stEL6900EcSlaveState" VarB="InfoData^State"/></OwnerB><OwnerB Name="TIID^Device 1 (EtherCAT)^Term 1 (EK1200)^Term 7 (EL6930)"><Link VarA="PlcTask Inputs^GVL_IO.g_stTS_InfoConnection1" VarB="Connection Info Data^TwinSAFE Connection 1 Info Data"/><Link VarA="PlcTask Inputs^GVL_IO.g_uiTS_ProjectCRC" VarB="Device Info Data^Project CRC"/><Link VarA="PlcTask Inputs^GVL_IO.g_xTS_SafetyGroup1_FBerror" VarB="StandardInputs^Standard Out Var 2"/><Link VarA="PlcTask Inputs^GVL_IO.g_stTS_InfoGroup1^usiMapDiag" VarB="TwinSAFE Group Info Data^TwinSafeGroup1 Info Data^Diag"/><Link VarA="PlcTask Inputs^GVL_IO.g_xTS_EDM_Error" VarB="StandardInputs^Standard Out Var 7"/><Link VarA="PlcTask Inputs^GVL_IO.g_udiTS_SerialNumber" VarB="Device Info Data^Serial Number"/><Link VarA="PlcTask Inputs^GVL_IO.g_xTS_EStop_Error" VarB="StandardInputs^Standard Out Var 3"/><Link VarA="PlcTask Inputs^GVL_IO.g_xTS_EStop_ON_Delay_Complete" VarB="StandardInputs^Standard Out Var 5"/><Link VarA="PlcTask Inputs^GVL_IO.g_stTS_InfoGroup1^usiMapState" VarB="TwinSAFE Group Info Data^TwinSafeGroup1 Info Data^State"/><Link VarA="PlcTask Inputs^GVL_IO.g_wStateEL6930" VarB="InfoData^State"/><Link VarA="PlcTask Inputs^GVL_IO.g_xTS_SafetyGroup1_COMerror" VarB="StandardInputs^Standard Out Var 1"/><Link VarA="PlcTask Inputs^GVL_IO.g_xEL6930_Wc" VarB="WcState^WcState"/><Link VarA="PlcTask Outputs^GVL_IO.g_xTS_EStop_Reset" VarB="StandardOutputs^Standard In Var 2"/><Link VarA="PlcTask Inputs^GVL_IO.g_stTS_InfoConnection2" VarB="Connection Info Data^TwinSAFE Connection 2 Info Data"/><Link VarA="PlcTask Inputs^GVL_IO.g_xTS_EStop_Complete" VarB="StandardInputs^Standard Out Var 4"/><Link VarA="PlcTask Inputs^GVL_IO.g_xTS_EStop_OFF_Delay_Complete" VarB="StandardInputs^Standard Out Var 6"/><Link VarA="PlcTask Inputs^GVL_IO.g_stEL6930EcSlaveState" VarB="InfoData^State"/><Link VarA="PlcTask Outputs^GVL_IO.g_xTS_ErrAck" VarB="StandardOutputs^Standard In Var 1"/></OwnerB><OwnerB Name="TIID^Device 1 (EtherCAT)^Term 1 (EK1200)^Term 3 (EL1004)"><Link VarA="PlcTask Inputs^GVL_IO.g_wStateEL1004" VarB="InfoData^State"/><Link VarA="PlcTask Inputs^GVL_IO.g_xEL1004_Wc" VarB="WcState^WcState"/><Link VarA="PlcTask Inputs^GVL_IO.g_stEL1004EcSlaveState" VarB="InfoData^State"/></OwnerB><OwnerB Name="TIID^Device 1 (EtherCAT)^Term 1 (EK1200)^Term 6 (EL2904)"><Link VarA="PlcTask Inputs^GVL_IO.g_wStateEL2904" VarB="InfoData^State"/><Link VarA="PlcTask Inputs^GVL_IO.g_xEL2904_Wc" VarB="WcState^WcState"/><Link VarA="PlcTask Inputs^GVL_IO.g_stEL2904EcSlaveState" VarB="InfoData^State"/></OwnerB><OwnerB Name="TINC^NC-Task 1 SAF^Axes^Axis 1"><Link VarA="PlcTask Outputs^AX5805_ADS_Reads.Axis1.PlcToNc" VarB="Inputs^FromPlc"/><Link VarA="PlcTask Inputs^AX5805_ADS_Reads.Axis1.NcToPlc" VarB="Outputs^ToPlc"/></OwnerB><OwnerB Name="TIID^Device 1 (EtherCAT)^Term 1 (EK1200)^Term 8 (EK1110)"><Link VarA="PlcTask Inputs^GVL_IO.g_wStateEK1110" VarB="InfoData^State"/><Link VarA="PlcTask Inputs^GVL_IO.g_stEK1110EcSlaveState" VarB="InfoData^State"/></OwnerB></OwnerA><OwnerA Name="TINC^NC-Task 1 SAF^Axes^Axis 2"><OwnerB Name="TIID^Device 1 (EtherCAT)^Drive 9 (AX5206-0000-0200)"><Link VarA="Drive^Inputs^In^nDcOutputTime" VarB="InfoData^DcOutputShift"/><Link VarA="Drive^Inputs^In^nState2" VarB="AT 2^Drive status word"/><Link VarA="Drive^Inputs^In^nState4" VarB="WcState^WcState"/><Link VarA="Enc^Inputs^In^nDataIn1" VarB="AT 2^Position feedback 1 value"/><Link VarA="Drive^Outputs^Out^nCtrl1" VarB="MDT 2^Master control word" Size="8" OffsB="8"/><Link VarA="Enc^Inputs^In^nDcInputTime" VarB="InfoData^DcInputShift"/><Link VarA="Drive^Inputs^In^nDataIn1" VarB="AT 2^Following distance"/><Link VarA="Drive^Inputs^In^nState1" VarB="AT 2^Drive status word" Size="8" OffsB="8"/><Link VarA="Drive^Outputs^Out^nDataOut1" VarB="MDT 2^Position command value"/></OwnerB></OwnerA><OwnerA Name="TIID^Device 1 (EtherCAT)"><OwnerB Name="TIID^Device 1 (EtherCAT)"><Link VarA="Term 1 (EK1200)^Term 4 (EL1904)^Module 1 (FSOES)^TxPDO^FSOE" VarB="Term 1 (EK1200)^Term 7 (EL6930)^ConnectionOutputs^TwinSafe Connection 1 RxPDO"/><Link VarA="Term 1 (EK1200)^Term 7 (EL6930)^ConnectionOutputs^TwinSafe Connection 2 RxPDO" VarB="Term 1 (EK1200)^Term 6 (EL2904)^Module 1 (FSOES)^TxPDO^FSOE"/><Link VarA="Term 1 (EK1200)^Term 7 (EL6930)^ConnectionInputs^TwinSafe Connection 2 TxPDO" VarB="Term 1 (EK1200)^Term 6 (EL2904)^Module 1 (FSOES)^RxPDO^FSOE"/><Link VarA="Term 1 (EK1200)^Term 7 (EL6930)^ConnectionInputs^TwinSafe Connection 1 TxPDO" VarB="Term 1 (EK1200)^Term 4 (EL1904)^Module 1 (FSOES)^RxPDO^FSOE"/></OwnerB></OwnerA><OwnerA Name="TINC^NC-Task 1 SAF^Axes^Axis 1"><OwnerB Name="TIID^Device 1 (EtherCAT)^Drive 9 (AX5206-0000-0200)"><Link VarA="Drive^Outputs^Out^nDataOut1" VarB="MDT 1^Position command value"/><Link VarA="Drive^Outputs^Out^nCtrl1" VarB="MDT 1^Master control word" Size="8" OffsB="8"/><Link VarA="Drive^Inputs^In^nState1" VarB="AT 1^Drive status word" Size="8" OffsB="8"/><Link VarA="Drive^Inputs^In^nState2" VarB="AT 1^Drive status word"/><Link VarA="Drive^Inputs^In^nDataIn1" VarB="AT 1^Following distance"/><Link VarA="Drive^Inputs^In^nState4" VarB="WcState^WcState"/><Link VarA="Enc^Inputs^In^nDataIn1" VarB="AT 1^Position feedback 1 value"/></OwnerB></OwnerA></VarLinks>
